Move,Type,Purpose,Method,Notes,Assigned To Prospects
Meet for coffee/breakfast/lunch,"Feel Good,Organization / Project Update,Get Advice / Feedback,Networking","Cultivation,Solicitation",In Person,,
Invite the donor to present something to students.,Feel Good,Cultivation,In Person,,
Give a tour of the facility or a program to the donor,Education / Awareness,Cultivation,In Person,,
Drop by / Call unannounced to thank them for recent support,Thank You,Stewardship,"In Person,Phone",,
Feature donors in event videos and picture albums – send them the video or album.,Feel Good,Cultivation,"Email,Text / WhatsApp,Video",,
Solicitation,,,,,
Send an organization video with a personalized note “thinking of you”,"Feel Good,Organization / Project Update",Cultivation,"Text / WhatsApp,Email,Video",,
Ask a donor to host an event on their home.,"Event Related,Feel Good",Cultivation,Event,,
Yom Tov greetings / cards,Feel Good,Cultivation,Handwritten Note,,
Acknowledge the anniverary of the donor's first gift,"Feel Good,Date or Milestone Based,Thank You",Cultivation,"Phone,Email,Text / WhatsApp",,
Handwritten Note with Gifts,Feel Good,Cultivation,Handwritten Note,,
"If a student is in a video, send the video with a “have nachas!” note.",Feel Good,Cultivation,"Text / WhatsApp,Email,Video",,
"Acknowledge a donor for reaching a certain lifetime giving milestone (ex. $5000, $10,000, etc.)","Date or Milestone Based,Feel Good,Thank You",Stewardship,"In Person,Phone,Email,Text / WhatsApp",,
"If you find an opportunity for a donor, send it to them (Lottery Ticket)",Feel Good,Cultivation,"In Person,Phone,Email,Text / WhatsApp",,
Attach personal notes to school mail being sent to the donor.,Feel Good,Cultivation,Mail,,
Personalized thank you video,"Feel Good,Thank You",Stewardship,Video,,
"Bring / introduce donors to exclusive VIPs within your network (Roshei Yeshiva, Rabbonim, board members, others, etc.)","Feel Good,Thank You",Stewardship,In Person,,
Ask donor to brainstorm who they can connect you with within their network.,Networking,Cultivation,"In Person,Phone,Email,Text / WhatsApp",,
"Personal text / email updating a donor on organization Torah milestones, accomplishments, etc.",Organization / Project Update,Cultivation,"Email,Text / WhatsApp",Use mail merge for personalization.,
Thank you ads in newspapers and magazines,"Feel Good,Thank You",Stewardship,Publication,,
Go out to Lunch,,,,,
"Ask a donor to chair or join an event committee, whether real or honorary","Event Related,Feel Good",Cultivation,Event,,
Personalized handwritten sticky notes attached to other mail,Feel Good,Cultivation,Handwritten Note,"- Annual Reports
- Newsletters
- Acknowledgements and Receipts",
Invite to a Donor Appreciation Event,"Event Related,Feel Good,Thank You",Stewardship,Event,,
Introduce them to other supporters with similar interests.,Networking,Cultivation,"In Person,Phone,Email,Event",,
Stop by his office to celebrate the first time we got to know each other,,,,,
Personal invitation to an event,Event Related,Cultivation,"Phone,Text / WhatsApp,Handwritten Note",,
Acknowledge a donor upon receiving an increased donation over last year.,"Date or Milestone Based,Feel Good,Thank You",Stewardship,"In Person,Phone,Email,Text / WhatsApp",,
Ask a donor to speak or emcee at an event,"Event Related,Feel Good",Cultivation,Event,,
Email / text / mail an article or photo that interests the donor.,Feel Good,Cultivation,"Email,Text / WhatsApp,Mail",,
Handwritten thinking of you note,Feel Good,Cultivation,Handwritten Note,,
Ask advice on new programs or areas of expansion,Get Advice / Feedback,Cultivation,"In Person,Phone",,
Turn pictures into promo items to send,Feel Good,Cultivation,"Mail,In Person",,
Share progress on projects they've supported.,"Organization / Project Update,Thank You",Stewardship,"In Person,Phone,Email",,
Append personalization to the beginning of a professional video,"Feel Good,Organization / Project Update",Cultivation,Video,,
Personalized Birthday / Milestone / Mazel Tov / Yom Tov / Shabbos Video,"Feel Good,Date or Milestone Based",Cultivation,Video,,
Discuss Parnes/dedication date,"Feel Good,Thank You",Stewardship,"Phone,Email,Text / WhatsApp",,
Invite to school share knowledge on a certain topic with students,Feel Good,Cultivation,In Person,,
Invite to read a story to the preschool kids,Feel Good,Cultivation,In Person,,
Personal mazel tov for a simcha  (Get creative),"Feel Good,Date or Milestone Based",Cultivation,"In Person,Phone,Email,Text / WhatsApp",,
Present donors with plaques and awards,"Feel Good,Thank You",Stewardship,In Person,,
Print and mail / Deliver pictures ,Feel Good,Cultivation,"Mail,In Person",,
Ask for general feedback about organization/program.,Get Advice / Feedback,Cultivation,"In Person,Phone",,
Discuss upcoming initiatives.,"Organization / Project Update,Education / Awareness",Cultivation,"In Person,Phone",,
"If a donor is experiencing a challenge, how can you help?",Feel Good,Cultivation,"In Person,Phone,Email,Text / WhatsApp",,
Engage with their Social Media Posts in a meaningful way,Feel Good,Cultivation,Social Media,,
"Invite to a school program (Assemblies, milestone events, siyumim, Mesibas, etc.)",Feel Good,Cultivation,In Person,,
Acknowledge the anniversary of a donation for a special project with an update or picture of that project.,"Date or Milestone Based,Feel Good,Thank You",Stewardship,"In Person,Phone,Email,Text / WhatsApp",,
"After a donor attends an event, call to personally thank them for their attendance and ask for any feedback.","Thank You,Get Advice / Feedback",Stewardship,Phone,,
Gut YT,,,,,
Honor a donor at an event,"Event Related,Feel Good",Cultivation,Event,,
"If a donor has been particularly quiet (not attending events, not opening emails), reach out to re-engage them.",Get Advice / Feedback,Cultivation,Phone,,
Ask for an “outside” perspective on the organization,Get Advice / Feedback,Cultivation,"In Person,Phone",,
Ask for feedback from a recent event,"Event Related,Get Advice / Feedback",Cultivation,Event,,
"Arrange for a student or other beneficiary to thank a donor, and explain how the donor’s gift is helping them.","Feel Good,Thank You",Stewardship,"In Person,Phone,Email,Text / WhatsApp",,
Handwritten Birthday/Milestone card,Feel Good,Cultivation,Handwritten Note,,
Public recognition of a donor at an event,"Event Related,Feel Good,Thank You",Stewardship,Event,,
"If donor has stopped giving, reach out to check in, express that they're missed, and learn if there's a reason for the pause.","Feel Good,Get Advice / Feedback",Cultivation,Phone,,
Handwritten thank you note,"Feel Good,Thank You",Stewardship,Handwritten Note,,
Dedicate a day of learning in honor of the donor,"Feel Good,Date or Milestone Based",Cultivation,"Phone,Email,Text / WhatsApp",,
Donor Recognition Ceremonies,"Feel Good,Thank You",Stewardship,"In Person,Event",,
Ask a donor to volunteer at an event.,"Event Related,Feel Good",Cultivation,Event,,
Acknowledge a donor at the end of the fiscal year,"Date or Milestone Based,Feel Good,Thank You",Stewardship,"In Person,Phone,Email,Text / WhatsApp",,
Acknowledge a donor based on the launch or completion of a program they gave for.,"Date or Milestone Based,Feel Good,Thank You",Stewardship,"In Person,Phone,Email,Text / WhatsApp",,
Nachas communication about their child/grandchild,Feel Good,Cultivation,"Phone,Email,Text / WhatsApp,Handwritten Note,Video",,
Personally bring a gift for a special occasion,Feel Good,Cultivation,In Person,,
Send Cheescake For Shavuos,"Feel Good,Date or Milestone Based",Cultivation,"In Person,Mail",,
pre,,,,,
,,,,,
,,,,,
,,,,,
Mention them by the Ohel,Feel Good,Stewardship,,,
"Acknowledge a Birthday, anniversary, yartzeit, or milestone","Feel Good,Date or Milestone Based",Cultivation,"Phone,Text / WhatsApp,Handwritten Note",,"""Acknowledge a Birthday, anniversary, yartzeit, or milestone"""
Good Shabbos / Yom Tov call ,Feel Good,Cultivation,"Phone,Text / WhatsApp",,Good Shabbos / Yom Tov call 
Personal call / text / email thanking a donor,"Feel Good,Thank You",Stewardship,"Phone,Email,Text / WhatsApp",,Personal call / text / email thanking a donor
Send Chanukah Gelt / Gift / Candles,"Feel Good,Date or Milestone Based,Thank You",Cultivation,"In Person,Mail",,Send Chanukah Gelt / Gift / Candles
Send Honey or Gift for Rosh Hashana,"Feel Good,Date or Milestone Based",Cultivation,"In Person,Mail",,Send Honey or Gift for Rosh Hashana
Send pictures of the donor’s child/grandchild.,Feel Good,Cultivation,"Email,Text / WhatsApp,Mail","- “catch” the student doing something nice
- Have student pose with rebbi or friends",Send pictures of the donor’s child/grandchild.
Send Shaloch Manos for Purim,"Feel Good,Date or Milestone Based",Cultivation,"In Person,Mail",,Send Shaloch Manos for Purim